INSERT INTO Actividades (codigo, nombre, cantidad_inscriptos)
VALUES
('C00', 'Sin Curso', 50),
('C01','Yoga', 10),
('C02','Spinning', 8),
('C03','CrossFit', 12),
('C04','Pilates', 10),
('C05','Zumba', 15),
('C06','Boxeo', 10),
('C07','Natación', 20),
('C08','Ciclismo', 12),
('C09','Running', 18),
('C10','GAP', 25);

INSERT INTO Socios (nombre, apellido, ult_actualizacion)
VALUES
('Ana','Gómez','2021-02-15'),
('Luis','Pérez','2021-03-10'),
('María','López','2021-04-12'),
('Carlos','Santos','2021-05-18'),
('Lucía','Fernández','2021-06-05'),
('Jorge','Martínez','2021-07-21'),
('Sofía','Rodríguez','2021-08-11'),
('Diego','Hernández','2021-09-02'),
('Paula','Ramírez','2021-10-09'),
('Mateo','Torres','2021-11-20'),
('Valentina','García','2021-12-15'),
('Tomás','Morales','2022-01-08'),
('Martina','Vega','2022-02-14'),
('Nicolás','Díaz','2022-03-30'),
('Isabella','Cruz','2022-04-25'),
('Bruno','Castro','2022-05-17'),
('Camila','Rojas','2022-06-22'),
('Benjamín','Silva','2022-07-19'),
('Emilia','Alvarez','2022-08-12'),
('Santiago','Ruiz','2022-09-01'),
('Luciano','Ortiz','2022-10-05'),
('Renata','Mendoza','2022-11-11'),
('Julián','Ramos','2022-12-06'),
('Franco','Flores','2023-01-15'),
('Marcos','Herrera','2023-02-01'),
('Santiago','Ruiz','2023-02-02'),
('Carolina','Gutiérrez','2023-02-03'),
('Valeria','Paredes','2023-02-04'),
('Gabriel','Iglesias','2023-02-05'),
('Paula','Salazar','2023-02-06'),
('Martín','Bravo','2023-02-07'),
('Lucía','Castillo','2023-02-08'),
('Emilio','Domínguez','2023-02-09'),
('Catalina','Sosa','2023-02-10'),
('Fernando','Molina','2023-02-11');

INSERT INTO Inscripciones (id_socio, codigo, fecha_actualizacion)
VALUES
(1, 'C01', '2021-02-15'),
(2, 'C02', '2021-03-10'),
(3, 'C03', '2021-04-12'),
(4, 'C04', '2021-05-18'),
(5, 'C05', '2021-06-05'),
(6, 'C06', '2021-07-21'),
(7, 'C07', '2021-08-11'),
(8, 'C08', '2021-09-02'),
(9, 'C00', '2021-10-09'),
(10, 'C00', '2021-11-20'),
(11, 'C00', '2021-12-15'),
(12, 'C00', '2022-01-08'),
(13, 'C00', '2022-02-14'),
(14, 'C00', '2022-03-30'),
(15, 'C00', '2022-04-25'),
(16, 'C00', '2022-05-17'),
(17, 'C00', '2022-06-22'),
(18, 'C00', '2022-07-19'),
(19, 'C00', '2022-08-12'),
(20, 'C10', '2022-09-01'),
(21, 'C01', '2022-10-05'),
(22, 'C02', '2022-11-11'),
(23, 'C03', '2022-12-06'),
(24, 'C04', '2023-01-15'),
(25, 'C05', '2023-02-01'),
(26, 'C06', '2023-02-02'),
(27, 'C07', '2023-02-03'),
(28, 'C08', '2023-02-04'),
(29, 'C09', '2023-02-05'),
(30, 'C10', '2023-02-06'),
(31, 'C01', '2023-02-07'),
(32, 'C02', '2023-02-08'),
(33, 'C03', '2023-02-09'),
(34, 'C04', '2023-02-10'),
(35, 'C05', '2023-02-11');